route,week_of,cost_per_tonne_km,vs_own_history,vs_similar_routes,flagged,matched_note_id,reason
Ahmedabad-Mumbai,2024-01-01,2.495784199417673,,-3.942213120468707,,,Unexplained
Ahmedabad-Mumbai,2024-01-08,2.5722313736269795,3.0630522553650064,-4.767549048579822,,,Unexplained
Ahmedabad-Mumbai,2024-01-15,2.5653438871138845,1.2366221113536469,-0.8086716511474745,,,Unexplained
Ahmedabad-Mumbai,2024-01-22,2.6695451378459443,4.916262038202257,-0.24731347834916484,,,Unexplained
Ahmedabad-Mumbai,2024-01-29,2.4929285864853075,-3.214532842781037,-6.184475132567746,,,Unexplained
Ahmedabad-Mumbai,2024-02-05,2.5443958960521584,-0.577169951844303,-4.922894944434885,,,Unexplained
Ahmedabad-Mumbai,2024-02-12,2.475244921036608,-3.186129436243279,-9.595155384750331,,,Unexplained
Ahmedabad-Mumbai,2024-02-19,2.4752293881372753,-2.744065549837804,-8.133198816770948,,,Unexplained
Ahmedabad-Mumbai,2024-02-26,2.5672602877553072,1.2191736657685803,-2.617063478720716,,,Unexplained
Ahmedabad-Mumbai,2024-03-04,2.5223042809821674,-0.902384886618679,-2.0344672889136994,,,Unexplained
Ahmedabad-Mumbai,2024-03-11,2.6208705392083536,3.22323647735141,-3.632526953150028,,,Unexplained
Ahmedabad-Mumbai,2024-03-18,2.526483478351034,-0.7654796843964529,-4.368513063770751,,,Unexplained
Ahmedabad-Mumbai,2024-03-25,2.645671387791672,4.6510104776446015,-2.12917818640338,,,Unexplained
Ahmedabad-Mumbai,2024-04-01,2.5564909956508166,0.3654419404413911,-2.1401878530795226,,,Unexplained
Ahmedabad-Mumbai,2024-04-08,2.5913201280882343,1.6724530826099482,-2.3092422745313423,,,Unexplained
Ahmedabad-Mumbai,2024-04-15,2.4576990297985284,-4.1161292170671775,-7.233006922818541,,,Unexplained
Ahmedabad-Mumbai,2024-04-22,2.6757852025311504,4.481535559195238,4.3403674284167915,,,Unexplained
Ahmedabad-Mumbai,2024-04-29,2.521060361157492,-2.0787005262299707,-4.285190631114033,,,Unexplained
Ahmedabad-Mumbai,2024-05-06,2.598945144353286,0.9525438304899492,-0.4251475802449556,,,Unexplained
Ahmedabad-Mumbai,2024-05-13,2.654075523680244,3.203878193547949,-0.008781626244613872,,,Unexplained
Ahmedabad-Mumbai,2024-05-20,2.5790150726984797,-0.3329647475782127,-4.507009771289039,,,Unexplained
Ahmedabad-Mumbai,2024-05-27,2.4944184648059418,-3.290834822506017,-6.281438054273947,,,Unexplained
Ahmedabad-Mumbai,2024-06-03,2.4828485992110574,-3.4489555403973804,-7.3420060175345085,,,Unexplained
Ahmedabad-Mumbai,2024-06-10,2.4430930329711313,-4.491350607639621,-3.8755576252577417,,,Unexplained
Ahmedabad-Mumbai,2024-06-17,2.5107676956369787,-1.775615188776325,-6.781919914457046,,,Unexplained
Ahmedabad-Mumbai,2024-06-24,2.6196755643942744,3.3187398450163608,-2.167554194052057,,,Unexplained
Ahmedabad-Mumbai,2024-07-01,2.6243786222174967,3.0034573547515153,-0.9462705673723093,,,Unexplained
Ahmedabad-Mumbai,2024-07-08,2.5877429643499537,1.4389808745249422,-2.4330240953667093,,,Unexplained
Ahmedabad-Mumbai,2024-07-15,2.5568859120809844,0.5562265952607115,-6.329392313441417,,,Unexplained
Ahmedabad-Mumbai,2024-07-22,2.524369882591796,-0.6144338439972419,-4.859742079566065,,,Unexplained
Ahmedabad-Mumbai,2024-07-29,2.437960242487355,-4.157691486443305,-9.018399823263334,,,Unexplained
Ahmedabad-Mumbai,2024-08-05,2.51422723228047,-0.9409369359776654,-5.149408933456357,,,Unexplained
Ahmedabad-Mumbai,2024-08-12,2.442096463494508,-4.118747908343378,-8.753586652396518,,,Unexplained
Ahmedabad-Mumbai,2024-08-19,2.6614461572050545,4.846683636415494,-1.3250868632336044,,,Unexplained
Ahmedabad-Mumbai,2024-08-26,2.5779351939674866,1.3483346891077774,-0.6351976106524049,,,Unexplained
Ahmedabad-Mumbai,2024-09-02,2.50964049116151,-1.1108892834320594,-1.6793984540776075,,,Unexplained
Ahmedabad-Mumbai,2024-09-09,2.5071945188556484,-0.8257554746115892,-5.16827519454548,,,Unexplained
Ahmedabad-Mumbai,2024-09-16,2.5879459086833667,2.6205724381496376,-3.3496901628490505,,,Unexplained
Ahmedabad-Mumbai,2024-09-23,2.4824311632924037,-1.8726580978524865,-7.177894503229309,,,Unexplained
Ahmedabad-Mumbai,2024-09-30,2.488627892379403,-1.843393568727536,-6.691954029212022,,,Unexplained
Ahmedabad-Mumbai,2024-10-07,2.492086513725532,-1.5827647202563244,-7.893753242424106,,,Unexplained
Ahmedabad-Mumbai,2024-10-14,2.4722969695341726,-2.604639114073859,-5.809165827649199,,,Unexplained
Ahmedabad-Mumbai,2024-10-21,2.5550538878508284,1.6018983485920568,-5.281502020752049,,,Unexplained
Ahmedabad-Mumbai,2024-10-28,2.672612582109468,6.3976390536449435,4.2516090280269925,,,Unexplained
Ahmedabad-Mumbai,2024-11-04,2.5216883481435617,-0.41831181686378116,-4.6831874858659255,,,Unexplained
Ahmedabad-Mumbai,2024-11-11,2.584997698857649,2.008797328534695,-3.459950419676472,,,Unexplained
Ahmedabad-Mumbai,2024-11-18,2.5948623833166735,2.412969688601607,-2.3672280962927394,,,Unexplained
Ahmedabad-Mumbai,2024-11-25,2.5970471591761854,1.9337975751839487,-4.236152118696324,,,Unexplained
Ahmedabad-Mumbai,2024-12-02,2.496699278067709,-2.5233529958564427,-5.717084192546739,,,Unexplained
Ahmedabad-Mumbai,2024-12-09,2.485843656148507,-2.9690236090300415,-3.594675332225372,,,Unexplained
Ahmedabad-Mumbai,2024-12-16,2.4521279325953174,-4.348286178464644,-7.019911832193504,,,Unexplained
Ahmedabad-Mumbai,2024-12-23,2.6329417251666545,3.2228690647440272,-3.4116145579027313,,,Unexplained
Ahmedabad-Mumbai,2024-12-30,2.547775311575309,0.07853357378897474,-4.981231378370055,,,Unexplained
Ahmedabad-Mumbai,2025-01-06,2.5134644928307885,-1.3955231632120202,-3.91659989261417,,,Unexplained
Ahmedabad-Mumbai,2025-01-13,2.604915033401009,2.551864589973052,-0.20751164332404315,,,Unexplained
Ahmedabad-Mumbai,2025-01-20,3.2903671873911655,29.473107847932667,22.49372667260985,1,N002,A regional festival week led to a temporary surcharge due to high demand and limited truck availability.
Ahmedabad-Mumbai,2025-01-27,2.4608172719573984,-6.362195000523229,-7.3203735122121305,,,Unexplained
Ahmedabad-Mumbai,2025-02-03,2.493983738981159,-4.937917979272088,-4.552775200657,,,Unexplained
Ahmedabad-Mumbai,2025-02-10,2.443115663173682,-6.9129369490747,-8.743046160978807,,,Unexplained
Ahmedabad-Mumbai,2025-02-17,2.507932114872786,-4.402281212844128,-8.612819239600034,,,Unexplained
Ahmedabad-Mumbai,2025-02-24,2.5039535981510816,-3.9820116149496654,-19.826791836097037,,,Unexplained
Ahmedabad-Mumbai,2025-03-03,2.590857020799715,-0.44043863920376625,-15.7888377596744,,,Unexplained
Ahmedabad-Mumbai,2025-03-10,2.637082035573631,0.9605437238832559,-15.908271412492425,,,Unexplained
Ahmedabad-Mumbai,2025-03-17,2.658672560775646,1.6306865628586298,-11.507615162713435,,,Unexplained
Ahmedabad-Mumbai,2025-03-24,2.4361543779704635,-3.9769536645782644,-8.34311428953578,,,Unexplained
Ahmedabad-Mumbai,2025-03-31,2.613904546077844,3.154563485143247,-3.7262236459291387,,,Unexplained
Ahmedabad-Mumbai,2025-04-07,2.4947957921086084,-2.1249144370371953,-6.234663621204994,,,Unexplained
Ahmedabad-Mumbai,2025-04-14,2.445059188880623,-4.318658375025619,-7.247836480200743,,,Unexplained
Ahmedabad-Mumbai,2025-04-21,2.5929975922303945,1.783577389713109,-0.0039094454947319335,,,Unexplained
Ahmedabad-Mumbai,2025-04-28,2.65122235788476,3.6163800422872816,0.5774037994458192,,,Unexplained
Ahmedabad-Mumbai,2025-05-05,2.593351211770359,1.05661189135704,-8.77569863114729,,,Unexplained
Ahmedabad-Mumbai,2025-05-12,2.6052340516024066,1.7363665338570033,-6.683022671606908,,,Unexplained
Ahmedabad-Mumbai,2025-05-19,2.6337146563758265,3.1175397106282032,-5.695790829107739,,,Unexplained
Ahmedabad-Mumbai,2025-05-26,2.6167675744345544,1.4728894005711757,-6.8671920131232245,,,Unexplained
Ahmedabad-Mumbai,2025-06-02,2.6421222588736364,2.4418754803149367,-5.9817391474603525,,,Unexplained
Ahmedabad-Mumbai,2025-06-09,2.7466788925168855,5.740785996117581,-0.5863625580326493,,,Unexplained
Ahmedabad-Mumbai,2025-06-16,2.811372315039829,6.682876405888538,0.08499051614423436,,,Unexplained
Ahmedabad-Mumbai,2025-06-23,2.798513326919826,5.106195487850229,1.1638585966497361,,,Unexplained
Ahmedabad-Mumbai,2025-06-30,2.7102937953032056,1.0938025107303906,-1.6687110140629846,,,Unexplained
Ahmedabad-Mumbai,2025-07-07,2.685971182764221,-0.356728450264554,-6.858069179161297,,,Unexplained
Ahmedabad-Mumbai,2025-07-14,2.6907308323253796,-0.552483002247206,-2.557720449709877,,,Unexplained
Ahmedabad-Mumbai,2025-07-21,2.7976317327229907,3.1268528577881316,-1.270059474592844,,,Unexplained
Ahmedabad-Mumbai,2025-07-28,2.678357343287258,-2.085861324064975,-2.4007372524964987,,,Unexplained
Ahmedabad-Mumbai,2025-08-04,2.668940938946832,-2.5913940948250613,-4.711974519706052,,,Unexplained
Ahmedabad-Mumbai,2025-08-11,2.627689213371858,-3.755630624146755,-6.077473227778385,,,Unexplained
Ahmedabad-Mumbai,2025-08-18,2.6105086370904855,-3.5739896626785783,-8.480416368291765,,,Unexplained
Ahmedabad-Mumbai,2025-08-25,2.623613955648964,-2.2413100077417925,-7.65688412198009,,,Unexplained
Ahmedabad-Mumbai,2025-09-01,2.713382725641261,1.5134043489518856,-2.0722109156103508,,,Unexplained
Ahmedabad-Mumbai,2025-09-08,2.6256082859812953,-1.8961834265724842,-4.938178849604247,,,Unexplained
Ahmedabad-Mumbai,2025-09-15,2.8014841601451,4.9946303405290715,-2.82594445344434,,,Unexplained
Ahmedabad-Mumbai,2025-09-22,2.6439898620320768,-0.9258557552672131,-5.491162619590106,,,Unexplained
Ahmedabad-Mumbai,2025-09-29,2.703913440042561,1.4829299177798738,-5.746173657332232,,,Unexplained
Ahmedabad-Mumbai,2025-10-06,2.748357337721765,2.982026920941827,-2.765581720506727,,,Unexplained
Ahmedabad-Mumbai,2025-10-13,2.7203148875756535,1.3584025883346174,-1.993158053555777,,,Unexplained
Ahmedabad-Mumbai,2025-10-20,2.7428868898243564,1.679422156841448,-1.0248109602946753,,,Unexplained
Ahmedabad-Mumbai,2025-10-27,2.6688827233121324,-1.6077272159733647,-3.9692600403293254,,,Unexplained
Ahmedabad-Mumbai,2025-11-03,2.7409921596553866,1.2583430351752911,-3.678638184673688,,,Unexplained
Ahmedabad-Mumbai,2025-11-10,2.607372428295952,-4.188367607551335,-7.419338776087514,,,Unexplained
Ahmedabad-Mumbai,2025-11-17,2.747727812960791,1.877546578346423,-1.2142317637871214,,,Unexplained
Ahmedabad-Mumbai,2025-11-24,2.6086553359692317,-3.7416431783645843,-7.133335314576039,,,Unexplained
Ahmedabad-Mumbai,2025-12-01,2.786975978866023,3.2921566573850036,-0.38733841206936015,,,Unexplained
Ahmedabad-Mumbai,2025-12-08,2.797142072637693,3.4837913706088353,-1.9879531545958895,,,Unexplained
Ahmedabad-Mumbai,2025-12-15,2.7319106848076413,0.7126522983226469,-3.576073533024293,,,Unexplained
Ahmedabad-Mumbai,2025-12-22,2.735441133303447,0.8938354824586936,-3.358159222311008,,,Unexplained
Chennai-Bangalore,2024-01-01,2.688906669949324,,7.485327002873232,,,Unexplained
Chennai-Bangalore,2024-01-08,2.7747703698529667,3.193256979248793,6.732876635090279,,,Unexplained
Chennai-Bangalore,2024-01-15,2.665340871565259,-2.434171999972101,5.089429050395289,,,Unexplained
Chennai-Bangalore,2024-01-22,2.7777247303662485,2.5114507306682965,5.93617434045659,,,Unexplained
Chennai-Bangalore,2024-01-29,2.6897423730212298,-1.354878853411623,5.114883397389791,,,Unexplained
Chennai-Bangalore,2024-02-05,2.688113534402345,-1.1467474319583393,3.2190434693446957,,,Unexplained
Chennai-Bangalore,2024-02-12,2.77406204554416,2.209288261061859,7.166743075735038,,,Unexplained
Chennai-Bangalore,2024-02-19,2.696484817842679,-0.9615936486834231,4.36363052732931,,,Unexplained
Chennai-Bangalore,2024-02-26,2.6236966897554335,-3.5190382779942575,0.6005364029348481,,,Unexplained
Chennai-Bangalore,2024-03-04,2.6398390803589584,-2.633584554736279,4.9254811108286445,,,Unexplained
Chennai-Bangalore,2024-03-11,2.7697168172163056,2.796243465691428,4.7056951121743795,,,Unexplained
Chennai-Bangalore,2024-03-18,2.5943807632661158,-4.175253302186055,-0.520164115267141,,,Unexplained
Chennai-Bangalore,2024-03-25,2.733085023816408,1.8096638826968547,2.766058687443551,,,Unexplained
Chennai-Bangalore,2024-04-01,2.7071448157783857,0.6402589753318422,6.703407530649841,,,Unexplained
Chennai-Bangalore,2024-04-08,2.7560416668369947,2.3675066072613493,7.230057726734085,,,Unexplained
Chennai-Bangalore,2024-04-15,2.6811542842260896,-0.3306417873355283,5.6572030592507705,,,Unexplained
Chennai-Bangalore,2024-04-22,2.59148788100958,-3.595228862657962,-0.5807598514490642,,,Unexplained
Chennai-Bangalore,2024-04-29,2.728648328399294,1.6594736570488822,7.84594657733384,,,Unexplained
Chennai-Bangalore,2024-05-06,2.5627365402318056,-4.915054218047066,-2.4888052570670727,,,Unexplained
Chennai-Bangalore,2024-05-13,2.7583193483119177,3.3335807708048115,6.000055465503951,,,Unexplained
Chennai-Bangalore,2024-05-20,2.6728294030207325,-0.6319302900796075,0.7159081750867546,,,Unexplained
Chennai-Bangalore,2024-05-27,2.7255821564472646,1.613799690029083,7.0525042888401,,,Unexplained
Chennai-Bangalore,2024-06-03,2.7630784899128815,2.9232861611810046,8.805370117874457,,,Unexplained
Chennai-Bangalore,2024-06-10,2.6041881884087914,-3.027070729946102,5.816298079898319,,,Unexplained
Chennai-Bangalore,2024-06-17,2.8052977771518233,4.8372875867957355,10.17719355231761,,,Unexplained
Chennai-Bangalore,2024-06-24,2.6543919931965765,-1.7832199642975666,-0.22426729288639313,,,Unexplained
Chennai-Bangalore,2024-07-01,2.7647584671186767,2.653079893947763,7.191939939993763,,,Unexplained
Chennai-Bangalore,2024-07-08,2.6769245505848325,-1.5313711222945559,2.6553050389415356,,,Unexplained
Chennai-Bangalore,2024-07-15,2.776951196859113,2.5317637752229283,6.005719003465448,,,Unexplained
Chennai-Bangalore,2024-07-22,2.655142430107268,-2.434565116045062,2.597236229891098,,,Unexplained
Chennai-Bangalore,2024-07-29,2.774044053995563,2.265450372160105,10.450284930807175,,,Unexplained
Chennai-Bangalore,2024-08-05,2.618004843801685,-3.535697133244442,0.7376307713248487,,,Unexplained
Chennai-Bangalore,2024-08-12,2.793565130556011,2.8676223447968052,11.713963528538063,,,Unexplained
Chennai-Bangalore,2024-08-19,2.762501343193522,1.778723151398709,4.376942219443847,,,Unexplained
Chennai-Bangalore,2024-08-26,2.6712349239515842,-2.071372291037321,4.846205764011224,,,Unexplained
Chennai-Bangalore,2024-09-02,2.557969068374402,-5.8201145089329165,1.1717594776388118,,,Unexplained
Chennai-Bangalore,2024-09-09,2.709895311445722,0.32277369476070294,6.58452353784702,,,Unexplained
Chennai-Bangalore,2024-09-16,2.6609828252415646,-1.1813679545268685,0.7520590129427518,,,Unexplained
Chennai-Bangalore,2024-09-23,2.630695296110548,-2.3326087096733117,1.1702978138692144,,,Unexplained
Chennai-Bangalore,2024-09-30,2.6337765861419533,-1.5633656540269825,1.5124592612687726,,,Unexplained
Chennai-Bangalore,2024-10-07,2.7107197686041515,1.2377683643822746,4.405085254919294,,,Unexplained
Chennai-Bangalore,2024-10-14,2.6281864327726945,-1.4635249414750362,3.1944299990947167,,,Unexplained
Chennai-Bangalore,2024-10-21,2.7217984457396045,2.692614071234445,4.1178591090579975,,,Unexplained
Chennai-Bangalore,2024-10-28,2.599817438047263,-2.1430494091086882,-0.0076045475198127654,,,Unexplained
Chennai-Bangalore,2024-11-04,2.729629979954671,2.5411860706544553,7.39744882153075,,,Unexplained
Chennai-Bangalore,2024-11-11,2.749091490542296,3.176663741967345,5.913692990691977,,,Unexplained
Chennai-Bangalore,2024-11-18,2.7689253848307924,3.4932609850005347,7.708999293645635,,,Unexplained
Chennai-Bangalore,2024-11-25,2.758223560499289,2.431734667201857,4.8219980607508095,,,Unexplained
Chennai-Bangalore,2024-12-02,2.7328302641646225,0.9057789030511021,8.015832814352564,,,Unexplained
Chennai-Bangalore,2024-12-09,2.6501013648046916,-2.2486202860162785,6.156720191139087,,,Unexplained
Chennai-Bangalore,2024-12-16,2.688857039390802,-0.9191974752087995,6.747407764125768,,,Unexplained
Chennai-Bangalore,2024-12-23,2.753071405209561,1.601176774824542,3.270818354803584,,,Unexplained
Chennai-Bangalore,2024-12-30,2.7360701854421507,0.26490636292988423,5.7544486473767975,,,Unexplained
Chennai-Bangalore,2025-01-06,2.719594692750129,-0.3682397962938011,8.227304684806679,,,Unexplained
Chennai-Bangalore,2025-01-13,2.565692181093666,-5.87929026448657,-2.443057354935929,,,Unexplained
Chennai-Bangalore,2025-01-20,2.797559250399101,3.5920083322341867,-4.60336747142398,,,Unexplained
Chennai-Bangalore,2025-01-27,2.738178584268387,1.2089031334421296,8.808735349572228,,,Unexplained
Chennai-Bangalore,2025-02-03,2.683214525411566,-0.8471866765010883,6.5473811708469,,,Unexplained
Chennai-Bangalore,2025-02-10,2.7193960225530875,0.33635972871852715,7.1031961578490455,,,Unexplained
Chennai-Bangalore,2025-02-17,2.8429086102475183,4.746016790518537,10.326887376891936,,,Unexplained
Chennai-Bangalore,2025-02-24,3.5828266015473207,31.46411133912437,38.66804548623528,1,N001,Flooding on the Chennai-Bangalore highway caused truck detours and increased trip costs.
Chennai-Bangalore,2025-03-03,3.476189317773476,22.78272626228539,31.976116576671654,1,N001,Flooding on the Chennai-Bangalore highway caused truck detours and increased trip costs.
Chennai-Bangalore,2025-03-10,3.5716665390864866,22.077138023581178,33.837118971405424,1,,Unexplained
Chennai-Bangalore,2025-03-17,3.4692367868141116,13.68983750715378,33.477042990776205,1,,Unexplained
Chennai-Bangalore,2025-03-24,2.7092622198884477,-13.592613976947565,7.452729061412344,,,Unexplained
Chennai-Bangalore,2025-03-31,2.7842723953457043,-11.097803571311292,5.8702840280928426,,,Unexplained
Chennai-Bangalore,2025-04-07,2.739738299003243,-12.871216354292091,7.9398227697494494,,,Unexplained
Chennai-Bangalore,2025-04-14,2.700641296262791,-14.183969282093244,7.666911339655447,,,Unexplained
Chennai-Bangalore,2025-04-21,2.5900743402437847,-17.229637408111365,-0.17290996329181185,,,Unexplained
Chennai-Bangalore,2025-04-28,2.693538115110774,-10.368819327937029,3.0095106368933866,,,Unexplained
Chennai-Bangalore,2025-05-05,2.9513611028351416,1.515402505890262,10.794131180851974,,,Unexplained
Chennai-Bangalore,2025-05-12,2.95644339455139,4.476619069845755,13.004959179140418,,,Unexplained
Chennai-Bangalore,2025-05-19,2.8201052147935473,1.9683798262448482,4.464180367892512,,,Unexplained
Chennai-Bangalore,2025-05-26,2.78320981185551,0.13268620981230494,2.0801340107512445,,,Unexplained
Chennai-Bangalore,2025-06-02,2.9178977258330043,4.983425553262544,9.189081924178865,,,Unexplained
Chennai-Bangalore,2025-06-09,2.847300082247845,1.6290779532921018,4.966926367901281,,,Unexplained
Chennai-Bangalore,2025-06-16,2.942321495261134,4.337966402544313,7.246597077187533,,,Unexplained
Chennai-Bangalore,2025-06-23,2.803128027840365,-2.1261738724706047,1.415265277211697,,,Unexplained
Chennai-Bangalore,2025-06-30,2.7532732345996993,-4.324520288479472,0.6755405341825726,,,Unexplained
Chennai-Bangalore,2025-07-07,2.915411870629235,2.1890247332007284,5.286785834292296,,,Unexplained
Chennai-Bangalore,2025-07-14,2.801280585410473,-1.6345895725260462,3.5178805108573963,,,Unexplained
Chennai-Bangalore,2025-07-21,2.9398073329059873,3.315066344894446,6.417109291052858,,,Unexplained
Chennai-Bangalore,2025-07-28,2.77026321630889,-3.3084673514733876,2.6675016549397634,,,Unexplained
Chennai-Bangalore,2025-08-04,2.9239386930435995,2.7169433873874604,9.370691919424345,,,Unexplained
Chennai-Bangalore,2025-08-11,2.8366453953120394,-0.683874089712766,5.324571881255502,,,Unexplained
Chennai-Bangalore,2025-08-18,2.857934376188354,0.526415661931523,4.7364400338716806,,,Unexplained
Chennai-Bangalore,2025-08-25,2.849755711633891,-0.0022326473486988796,4.459844407748692,,,Unexplained
Chennai-Bangalore,2025-09-01,2.8959640413650978,1.1909792822238696,8.07816555150287,,,Unexplained
Chennai-Bangalore,2025-09-08,2.7706472790077505,-3.10554237169407,3.017903414477452,,,Unexplained
Chennai-Bangalore,2025-09-15,2.974356760401666,4.158020858279499,6.359271119512577,,,Unexplained
Chennai-Bangalore,2025-09-22,2.91739567376032,2.009046556353522,9.639089437982594,,,Unexplained
Chennai-Bangalore,2025-09-29,2.9000938496655615,0.756136727974277,4.671324376862618,,,Unexplained
Chennai-Bangalore,2025-10-06,2.774167353140143,-3.518939022492984,-1.4022812782803262,,,Unexplained
Chennai-Bangalore,2025-10-13,2.8704234840027967,0.10057763729123259,6.289013155673451,,,Unexplained
Chennai-Bangalore,2025-10-20,2.85644285394986,-0.44117189648572586,5.228697737891075,,,Unexplained
Chennai-Bangalore,2025-10-27,2.810685584596984,-2.064534498699866,3.7806358835732023,,,Unexplained
Chennai-Bangalore,2025-11-03,2.8691882106833284,0.3466473250961499,3.1497256260772044,,,Unexplained
Chennai-Bangalore,2025-11-10,2.9014167989069044,1.0385373187782543,8.695672921670038,,,Unexplained
Chennai-Bangalore,2025-11-17,2.811387900355872,-1.7847769823505777,2.24449541623164,,,Unexplained
Chennai-Bangalore,2025-11-24,2.8943717359931638,1.5844999825150197,8.558960339286582,,,Unexplained
Chennai-Bangalore,2025-12-01,2.8808002553782925,1.1335666582836579,4.722068068098806,,,Unexplained
Chennai-Bangalore,2025-12-08,2.888463624181527,0.9303114392005707,2.8576377980299217,,,Unexplained
Chennai-Bangalore,2025-12-15,2.939328352998673,2.6267893509623885,7.686631084924467,,,Unexplained
Chennai-Bangalore,2025-12-22,2.8236609342482057,-1.7670956128372994,1.3378350878616496,,,Unexplained
Delhi-Chennai,2024-01-01,1.956298374217392,,-4.6815775863118585,,,Unexplained
Delhi-Chennai,2024-01-08,2.0978558150803948,7.235984179541743,-0.23875582435388676,,,Unexplained
Delhi-Chennai,2024-01-15,2.1467159233621165,5.902036436060931,4.704227658063709,,,Unexplained
Delhi-Chennai,2024-01-22,2.027410534166075,-1.9132558496824603,-1.9710271468417528,,,Unexplained
Delhi-Chennai,2024-01-29,2.001057289727846,-2.722944166969077,-0.007844098126930099,,,Unexplained
Delhi-Chennai,2024-02-05,2.2207590134748814,8.548521284997058,7.826729087700746,,,Unexplained
Delhi-Chennai,2024-02-12,2.0445051874471414,-1.4703967855080435,-2.148885439158732,,,Unexplained
Delhi-Chennai,2024-02-19,2.1342632911598507,3.071770417843589,7.566098876697391,,,Unexplained
Delhi-Chennai,2024-02-26,2.1064489961935755,1.339397097587658,6.780641099187723,,,Unexplained
Delhi-Chennai,2024-03-04,2.0524494466072976,-2.142083163096997,3.6613926551378517,,,Unexplained
Delhi-Chennai,2024-03-11,2.0203298430967758,-3.412120565797727,-0.0834500908553415,,,Unexplained
Delhi-Chennai,2024-03-18,2.2129300588909473,6.600843678232127,7.321651605559576,,,Unexplained
Delhi-Chennai,2024-03-25,2.0510984269713517,-2.286438302145821,0.1892519083639188,,,Unexplained
Delhi-Chennai,2024-04-01,2.039962093508567,-3.105706916262363,2.083851895197464,,,Unexplained
Delhi-Chennai,2024-04-08,2.175122258803294,4.4351895803262265,10.53264621078256,,,Unexplained
Delhi-Chennai,2024-04-15,2.189590380994658,4.312128213231725,5.61444253369745,,,Unexplained
Delhi-Chennai,2024-04-22,2.040536712107725,-3.1080243176866973,-2.793923368940776,,,Unexplained
Delhi-Chennai,2024-04-29,2.041307213587173,-2.6907460081960544,-3.2982511240099655,,,Unexplained
Delhi-Chennai,2024-05-06,2.038356388152376,-2.7668552042603434,3.770451485141302,,,Unexplained
Delhi-Chennai,2024-05-13,2.146846388130955,2.298348854484278,4.748092942657345,,,Unexplained
Delhi-Chennai,2024-05-20,2.192486403421971,4.885966432992683,3.389698667578589,,,Unexplained
Delhi-Chennai,2024-05-27,2.090931656981341,-0.8109161376801177,-0.8472215769821823,,,Unexplained
Delhi-Chennai,2024-06-03,2.175506838825636,2.890169560755562,4.239381318821023,,,Unexplained
Delhi-Chennai,2024-06-10,2.1845430210001098,3.3151850727104692,10.743013544165025,,,Unexplained
Delhi-Chennai,2024-06-17,2.1898471705483606,3.5969499200267485,4.4764305426846285,,,Unexplained
Delhi-Chennai,2024-06-24,2.08465374244201,-2.242667432421952,-0.37901299040844494,,,Unexplained
Delhi-Chennai,2024-07-01,2.1180672304752948,-0.9275108109905505,7.618053058345353,,,Unexplained
Delhi-Chennai,2024-07-08,2.1279789309075134,-0.9256363419321012,2.177344058986619,,,Unexplained
Delhi-Chennai,2024-07-15,2.140619089440067,-0.22758241060722995,5.6919141351168046,,,Unexplained
Delhi-Chennai,2024-07-22,1.946113943078803,-9.018366161821035,-7.379498303751286,,,Unexplained
Delhi-Chennai,2024-07-29,1.9948209895335782,-5.945319932057069,-3.246885637203445,,,Unexplained
Delhi-Chennai,2024-08-05,1.997759182394508,-4.792921400141392,-1.569551461682006,,,Unexplained
Delhi-Chennai,2024-08-12,2.098544147759444,1.135508974710575,5.115287753255382,,,Unexplained
Delhi-Chennai,2024-08-19,2.070984526513901,0.35932247233974035,1.640395168492348,,,Unexplained
Delhi-Chennai,2024-08-26,2.1226394430285707,2.947746616668856,7.019006266312244,,,Unexplained
Delhi-Chennai,2024-09-02,2.110229093693204,2.317484881529297,6.80937394867851,,,Unexplained
Delhi-Chennai,2024-09-09,2.1189945798363916,2.85313970089216,6.710426751597631,,,Unexplained
Delhi-Chennai,2024-09-16,2.1469048642572663,4.344770812927923,4.4583933113143015,,,Unexplained
Delhi-Chennai,2024-09-23,2.116523420076731,1.6284289021153642,3.7873992268267376,,,Unexplained
Delhi-Chennai,2024-09-30,2.066209866528212,-1.506921680232176,0.20118446202659346,,,Unexplained
Delhi-Chennai,2024-10-07,1.9923355607279147,-5.414182154012015,-6.505572389772762,,,Unexplained
Delhi-Chennai,2024-10-14,2.190176723346301,4.6378066129203255,7.398683179446053,,,Unexplained
Delhi-Chennai,2024-10-21,2.1801357215028125,3.421915066456793,10.494310011811624,,,Unexplained
Delhi-Chennai,2024-10-28,2.0435917537778465,-3.3848977159924964,1.9996218600369042,,,Unexplained
Delhi-Chennai,2024-11-04,2.1369859317026116,1.4299423725077087,5.8896636933098545,,,Unexplained
Delhi-Chennai,2024-11-11,2.0419878294122324,-3.1823951858592325,-2.772227663447202,,,Unexplained
Delhi-Chennai,2024-11-18,1.990062839545877,-5.053952642252513,-3.4787254180454696,,,Unexplained
Delhi-Chennai,2024-11-25,1.988690826285465,-4.398402920843603,1.940872328165355,,,Unexplained
Delhi-Chennai,2024-12-02,1.968087013469917,-4.9461042111897395,-4.395854967133528,,,Unexplained
Delhi-Chennai,2024-12-09,2.169191199009753,4.920343391536974,8.333597326276344,,,Unexplained
Delhi-Chennai,2024-12-16,2.036109408862508,-1.3914980174951075,1.8036261638530782,,,Unexplained
Delhi-Chennai,2024-12-23,2.0894419465971,2.081434341576016,2.039872385496788,,,Unexplained
Delhi-Chennai,2024-12-30,2.170761036416544,5.758216951723338,9.036471028913562,,,Unexplained
Delhi-Chennai,2025-01-06,2.0189153924776,-1.8415147934565779,-2.957708088727029,,,Unexplained
Delhi-Chennai,2025-01-13,1.9973096158496448,-2.7556179207393505,-1.4565106334856415,,,Unexplained
Delhi-Chennai,2025-01-20,1.962417188486714,-4.496569891061242,-5.983093354882185,,,Unexplained
Delhi-Chennai,2025-01-27,2.1813316405579246,6.327111830997212,10.039788338245303,,,Unexplained
Delhi-Chennai,2025-02-03,2.2145952929752712,6.563931293122205,8.743122297210281,,,Unexplained
Delhi-Chennai,2025-02-10,2.0381852028492746,-2.191845097945244,1.5939887800420882,,,Unexplained
Delhi-Chennai,2025-02-17,2.2192878406636614,6.485624527137079,11.898494793905567,,,Unexplained
Delhi-Chennai,2025-02-24,2.0765778492499853,-1.131837431509275,1.054194693495969,,,Unexplained
Delhi-Chennai,2025-03-03,2.1519571147918963,3.0345827155312532,6.398763532509211,,,Unexplained
Delhi-Chennai,2025-03-10,2.1187813168153085,0.6447629143697453,3.1877561193315085,,,Unexplained
Delhi-Chennai,2025-03-17,2.0814995170870225,-1.834197146872485,1.437627902568006,,,Unexplained
Delhi-Chennai,2025-03-24,1.986721668215314,-6.957191297207499,-3.3976672669234875,,,Unexplained
Delhi-Chennai,2025-03-31,2.047733685536559,-2.9947188740985897,0.809660274115731,,,Unexplained
Delhi-Chennai,2025-04-07,2.2086798440914452,5.673757976599925,8.773108477792935,,,Unexplained
Delhi-Chennai,2025-04-14,1.983596083052165,-6.053257442712779,-0.38752773875448954,,,Unexplained
Delhi-Chennai,2025-04-21,2.0631499245243075,-0.9026883472128544,2.9620854295990595,,,Unexplained
Delhi-Chennai,2025-04-28,2.0677589762260062,-0.6011694987848815,4.125386183877211,,,Unexplained
Delhi-Chennai,2025-05-05,2.198696684462253,6.230567588655389,1.1937806055269506,,,Unexplained
Delhi-Chennai,2025-05-12,2.1355164957605006,2.682413581970966,-6.241628149156253,,,Unexplained
Delhi-Chennai,2025-05-19,2.109414123071192,1.0990967792712913,-0.4845114123231631,,,Unexplained
Delhi-Chennai,2025-05-26,2.1113633400854375,0.4541359891096386,-3.4810165465421594,,,Unexplained
Delhi-Chennai,2025-06-02,2.0630241533603,-2.2157741221936256,-8.605979976130651,,,Unexplained
Delhi-Chennai,2025-06-09,2.1989037191209158,5.131982413215108,-0.5023006807600372,,,Unexplained
Delhi-Chennai,2025-06-16,2.0582748083339584,-2.8418329860215086,-8.510729267219475,,,Unexplained
Delhi-Chennai,2025-06-23,2.045278473617479,-3.4275284565743247,-8.036472974883402,,,Unexplained
Delhi-Chennai,2025-06-30,2.1536447788114264,1.8243370301252115,0.8778168268315234,,,Unexplained
Delhi-Chennai,2025-07-07,1.9786046944977302,-6.201815082927309,-6.514014450298888,,,Unexplained
Delhi-Chennai,2025-07-14,2.1702416417906205,3.848579310595346,2.5178036467603304,,,Unexplained
Delhi-Chennai,2025-07-21,2.0392900262143385,-2.771357643246697,-7.542872330612194,,,Unexplained
Delhi-Chennai,2025-07-28,2.062709519806737,-1.230519600720037,-7.537427333182068,,,Unexplained
Delhi-Chennai,2025-08-04,2.177723560866707,4.278703921232063,3.2182515736461026,,,Unexplained
Delhi-Chennai,2025-08-11,1.9875632227052162,-4.706176818728247,-8.05332596763959,,,Unexplained
Delhi-Chennai,2025-08-18,2.0091995404377454,-3.2588490671980663,-9.660460844291585,,,Unexplained
Delhi-Chennai,2025-08-25,2.016425808178081,-2.699626883536266,-4.071060896159107,,,Unexplained
Delhi-Chennai,2025-09-01,2.1297733430926673,3.627524074483235,-1.9788159349659384,,,Unexplained
Delhi-Chennai,2025-09-08,2.1474105373750705,3.5337806754289547,2.4589959040978826,,,Unexplained
Delhi-Chennai,2025-09-15,2.0555846845360697,-0.7568941406758123,-5.5206030092004195,,,Unexplained
Delhi-Chennai,2025-09-22,1.9816189298985272,-4.421931283507508,-10.643689737275741,,,Unexplained
Delhi-Chennai,2025-09-29,2.0846866080453488,1.0432602931369273,-4.567554363815384,,,Unexplained
Delhi-Chennai,2025-10-06,2.1077674647961655,2.741103119229993,-6.978072484310371,,,Unexplained
Delhi-Chennai,2025-10-13,2.0536056831336182,-0.6267754946371218,-4.172958757040901,,,Unexplained
Delhi-Chennai,2025-10-20,2.069258369743481,-0.13757782319048228,-1.9368198973917505,,,Unexplained
Delhi-Chennai,2025-10-27,2.1812601894223294,4.93319553258007,2.9098959104792765,,,Unexplained
Delhi-Chennai,2025-11-03,2.0346378871364905,-2.42242495948225,-4.513942526422021,,,Unexplained
Delhi-Chennai,2025-11-10,2.1974427117755266,6.102705560806099,3.8965407592693735,,,Unexplained
Delhi-Chennai,2025-11-17,2.0005264409024175,-4.225341573166707,-5.1041452551848,,,Unexplained
Delhi-Chennai,2025-11-24,2.029318691900332,-2.956723888567614,-9.331975759524823,,,Unexplained
Delhi-Chennai,2025-12-01,2.071703272273256,-0.6008897542029379,-3.649664662704377,,,Unexplained
Delhi-Chennai,2025-12-08,1.9828796331593561,-4.656374989726897,-8.437222182365545,,,Unexplained
Delhi-Chennai,2025-12-15,1.9675850729410826,-4.9878991746233226,-8.226082054531226,,,Unexplained
Delhi-Chennai,2025-12-22,1.9905279604623947,-3.2864778923926585,-10.16877793845713,,,Unexplained
Delhi-Jaipur,2024-01-01,3.000124589086287,,-9.122284169403871,,,Unexplained
Delhi-Jaipur,2024-01-08,3.053238844499479,1.7704016561981728,-9.719311819871068,,,Unexplained
Delhi-Jaipur,2024-01-15,3.018284611444174,-0.27743602183604166,-11.526777891723993,,,Unexplained
Delhi-Jaipur,2024-01-22,2.9905207109637173,-1.1032825749189068,-11.494031158539453,,,Unexplained
Delhi-Jaipur,2024-01-29,3.193044427848018,5.886246244446003,-2.6320212600205117,,,Unexplained
Delhi-Jaipur,2024-02-05,3.019563453505494,-1.0317516669050564,-8.234369800188013,,,Unexplained
Delhi-Jaipur,2024-02-12,3.1142032044219157,2.2459513313313195,-5.081927278390841,,,Unexplained
Delhi-Jaipur,2024-02-19,2.9942465670453102,-2.0068926878581306,-11.419576559503032,,,Unexplained
Delhi-Jaipur,2024-02-26,3.095922612017261,1.5754866927078393,-4.738671426660357,,,Unexplained
Delhi-Jaipur,2024-03-04,3.0008867395576413,-1.9278975622583294,-11.994456840922085,,,Unexplained
Delhi-Jaipur,2024-03-11,3.112900922683544,1.950879957323992,-6.829934902498536,,,Unexplained
Delhi-Jaipur,2024-03-18,3.079482909335919,0.46724557724382443,-9.813424243118273,,,Unexplained
Delhi-Jaipur,2024-03-25,3.17451688143107,3.1933206217898746,-10.15982788642762,,,Unexplained
Delhi-Jaipur,2024-04-01,2.989638453642722,-2.74326306009941,-10.19303882770799,,,Unexplained
Delhi-Jaipur,2024-04-08,3.12559463494249,1.8034460839230881,-10.511626222691184,,,Unexplained
Delhi-Jaipur,2024-04-15,3.2014746514424033,4.226588011934895,-10.333426334782903,,,Unexplained
Delhi-Jaipur,2024-04-22,3.0583944142533848,-1.2641533871236676,-8.032005440375444,,,Unexplained
Delhi-Jaipur,2024-04-29,3.0742647090547464,-0.6012714651055795,-12.560177600838852,,,Unexplained
Delhi-Jaipur,2024-05-06,3.095442243813846,-0.21248008433322196,-11.660341752029046,,,Unexplained
Delhi-Jaipur,2024-05-13,3.060597254279632,-1.2663143015143152,-7.316064310348569,,,Unexplained
Delhi-Jaipur,2024-05-20,3.0543348925250706,-1.3932412109436187,-8.630824834882922,,,Unexplained
Delhi-Jaipur,2024-05-27,3.106288319728461,0.7727790081448527,-9.81738824386058,,,Unexplained
Delhi-Jaipur,2024-06-03,3.1410904870240075,1.422050428752919,-7.060073945551604,,,Unexplained
Delhi-Jaipur,2024-06-10,3.0307295587311267,-2.2025370754818807,-14.230702211173195,,,Unexplained
Delhi-Jaipur,2024-06-17,3.174488942112091,3.146765740115276,-4.709264227987675,,,Unexplained
Delhi-Jaipur,2024-06-24,3.0987733667018347,0.2140519073106084,-7.4992108180678585,,,Unexplained
Delhi-Jaipur,2024-07-01,3.1919593224531986,3.1255047359568744,-5.195926634114034,,,Unexplained
Delhi-Jaipur,2024-07-08,3.1168371831289026,0.30748457407998586,-12.097655792746377,,,Unexplained
Delhi-Jaipur,2024-07-15,3.0878248301608573,-0.8505224407135192,-10.34551273008546,,,Unexplained
Delhi-Jaipur,2024-07-22,3.12707767184565,0.2750897334627078,-11.057320376711822,,,Unexplained
Delhi-Jaipur,2024-07-29,3.146639390849637,0.8183569781627931,-7.177899786371822,,,Unexplained
Delhi-Jaipur,2024-08-05,3.056896958649736,-2.078752828429331,-9.305670266446542,,,Unexplained
Delhi-Jaipur,2024-08-12,3.0025556482474607,-3.9201318830501153,-10.242933510762553,,,Unexplained
Delhi-Jaipur,2024-08-19,3.0753854525836353,-0.9081505800719536,-10.122582332136288,,,Unexplained
Delhi-Jaipur,2024-08-26,3.1060974515646174,0.17578248101493,-8.416657746824674,,,Unexplained
Delhi-Jaipur,2024-09-02,3.0813894690353343,-0.27589290353384754,-6.272723136721369,,,Unexplained
Delhi-Jaipur,2024-09-09,3.169366676497001,2.7186442970766,-3.2270094696063123,,,Unexplained
Delhi-Jaipur,2024-09-16,3.1643300939939465,2.2177386164076163,-7.74036830039212,,,Unexplained
Delhi-Jaipur,2024-09-23,3.151779608207147,1.6594014726446504,-9.11374511077443,,,Unexplained
Delhi-Jaipur,2024-09-30,3.0157284752161964,-2.7490286107437423,-11.879049754443782,,,Unexplained
Delhi-Jaipur,2024-10-07,3.088429182204065,-0.2390289306212101,-12.08859944349674,,,Unexplained
Delhi-Jaipur,2024-10-14,3.0945656781283994,-0.38620243243886465,-7.748651099996151,,,Unexplained
Delhi-Jaipur,2024-10-21,3.077671631498974,-1.006419815953341,-7.785653460846953,,,Unexplained
Delhi-Jaipur,2024-10-28,3.0342132300731706,-2.292593466059134,-13.109891071741819,,,Unexplained
Delhi-Jaipur,2024-11-04,3.007014564291876,-2.984213331025276,-12.146954423783452,,,Unexplained
Delhi-Jaipur,2024-11-11,4.1729570742422215,35.5200907667907,21.034360357459313,1,,Unexplained
Delhi-Jaipur,2024-11-18,4.09056418496697,27.61896404805664,19.673255204832518,1,,Unexplained
Delhi-Jaipur,2024-11-25,3.057646609169616,-7.975469925674594,-10.906317087175443,,,Unexplained
Delhi-Jaipur,2024-12-02,3.045067060150872,-8.498367544018581,-11.493336828538093,,,Unexplained
Delhi-Jaipur,2024-12-09,3.2214860208844818,-3.03920610261903,-6.029073527773699,,,Unexplained
Delhi-Jaipur,2024-12-16,3.0767496506432246,-7.835597094379965,-13.256388190556589,,,Unexplained
Delhi-Jaipur,2024-12-23,3.112671142027137,-6.756345524302699,-11.239279680192782,,,Unexplained
Delhi-Jaipur,2024-12-30,3.2183319030184787,-3.873562677729636,-5.427825183780355,,,Unexplained
Delhi-Jaipur,2025-01-06,3.1695157011646455,-6.072677432289542,-9.390738427735524,,,Unexplained
Delhi-Jaipur,2025-01-13,3.04568886569979,-6.257769032464955,-13.677018245586636,,,Unexplained
Delhi-Jaipur,2025-01-20,3.062641938448038,-1.78786482972213,-12.600065909958625,,,Unexplained
Delhi-Jaipur,2025-01-27,3.1439368387916398,0.7988987324350161,-7.155885749656754,,,Unexplained
Delhi-Jaipur,2025-02-03,3.0152735695620803,-3.707766900412346,-9.515458121044496,,,Unexplained
Delhi-Jaipur,2025-02-10,2.989365619170418,-3.7427723158786064,-11.759397700081852,,,Unexplained
Delhi-Jaipur,2025-02-17,3.0968634325022846,0.07061268176311586,-9.143218872890413,,,Unexplained
Delhi-Jaipur,2025-02-24,3.0826648241960193,-0.3245514307773534,-9.609896651486526,,,Unexplained
Delhi-Jaipur,2025-03-03,3.2186160226789813,4.64512589524908,-8.041143958926645,,,Unexplained
Delhi-Jaipur,2025-03-10,3.1829782537128866,3.2803619631978087,-9.451888375141259,,,Unexplained
Delhi-Jaipur,2025-03-17,3.0785154656676093,-0.6623689833869517,-9.198811871144274,,,Unexplained
Delhi-Jaipur,2025-03-24,3.139244979607187,1.2324378137485992,-6.201471821908555,,,Unexplained
Delhi-Jaipur,2025-03-31,3.055609182334624,-1.445958787644419,-5.464604306330112,,,Unexplained
Delhi-Jaipur,2025-04-07,3.1881643364078243,2.662456520454448,-9.586861984484607,,,Unexplained
Delhi-Jaipur,2025-04-14,2.9953091684434967,-4.31337286315534,-11.88589046485996,,,Unexplained
Delhi-Jaipur,2025-04-21,3.072194137196133,-1.4576305893884478,-6.7290297205274685,,,Unexplained
Delhi-Jaipur,2025-04-28,3.0337773255273235,-2.649002054401728,-11.157489097036699,,,Unexplained
Delhi-Jaipur,2025-05-05,3.3237865177749173,7.45378943631001,-8.050796338491196,,,Unexplained
Delhi-Jaipur,2025-05-12,3.1848870962999465,2.3807817497903505,-11.368462937691493,,,Unexplained
Delhi-Jaipur,2025-05-19,3.323582091225657,6.3845305741909275,-4.323070434937026,,,Unexplained
Delhi-Jaipur,2025-05-26,3.279898749510746,4.217607627592956,-5.685603399453276,,,Unexplained
Delhi-Jaipur,2025-06-02,3.143201151169279,-1.0077720255922573,-11.985839252176655,,,Unexplained
Delhi-Jaipur,2025-06-09,3.276807952072161,3.383048805870681,-5.689373621095228,,,Unexplained
Delhi-Jaipur,2025-06-16,3.2925805672359227,2.7400960192382806,-11.478639452244732,,,Unexplained
Delhi-Jaipur,2025-06-23,3.1206702077053943,-3.4540249753707952,-17.05257875789551,,,Unexplained
Delhi-Jaipur,2025-06-30,3.3356062497082757,2.8499666846016236,-5.887891035064541,,,Unexplained
Delhi-Jaipur,2025-07-07,3.228798489605058,-0.48867359199226135,-11.294700717567164,,,Unexplained
Delhi-Jaipur,2025-07-14,3.392400602883772,4.376958571559197,-5.548071538373622,,,Unexplained
Delhi-Jaipur,2025-07-21,3.2058459788168476,-1.6233092605904442,-9.121949827112296,,,Unexplained
Delhi-Jaipur,2025-07-28,3.3363586311316045,2.673335220031081,-6.375119434405175,,,Unexplained
Delhi-Jaipur,2025-08-04,3.336519717955214,1.920988755445996,-10.430727907722792,,,Unexplained
Delhi-Jaipur,2025-08-11,3.3717358088444347,2.762437010098684,-4.501227028825294,,,Unexplained
Delhi-Jaipur,2025-08-18,3.2779898994367116,-0.39508031466989335,-13.400331002949006,,,Unexplained
Delhi-Jaipur,2025-08-25,3.2304127886777074,-2.4238130227139054,-11.0526312499037,,,Unexplained
Delhi-Jaipur,2025-09-01,3.4516755988995365,4.6752842268111605,-5.919707014595133,,,Unexplained
Delhi-Jaipur,2025-09-08,3.2490361690471596,-2.2954218466498033,-12.598452149553573,,,Unexplained
Delhi-Jaipur,2025-09-15,3.220063126502312,-2.642028798833018,-19.11035353327466,,,Unexplained
Delhi-Jaipur,2025-09-22,3.213261699122259,-2.8998420590516605,-15.370841427631243,,,Unexplained
Delhi-Jaipur,2025-09-29,3.4357369165119143,4.308047783409608,-10.074195656298347,,,Unexplained
Delhi-Jaipur,2025-10-06,3.2076541666060807,-2.98178184480693,-18.62739622434986,,,Unexplained
Delhi-Jaipur,2025-10-13,3.3040475259408253,0.5575241135206799,-14.52579323924681,,,Unexplained
Delhi-Jaipur,2025-10-20,3.2806351874570825,-0.2539023108991678,-19.893336930949978,,,Unexplained
Delhi-Jaipur,2025-10-27,3.1757949813323028,-3.6254705153959566,-22.03258786027762,,,Unexplained
Delhi-Jaipur,2025-11-03,3.3845809052107474,3.796706069841438,-19.40274141401037,,,Unexplained
Delhi-Jaipur,2025-11-10,3.267834278149905,-0.3016587739250287,-17.645950626565863,,,Unexplained
Delhi-Jaipur,2025-11-17,3.2840674798770078,0.011397908146792979,-24.01644486011234,,,Unexplained
Delhi-Jaipur,2025-11-24,3.3779523991731564,2.593996339903115,-18.729315553612214,,,Unexplained
Delhi-Jaipur,2025-12-01,3.197263163309926,-2.680337956758694,-27.215796973766405,,,Unexplained
Delhi-Jaipur,2025-12-08,3.1929489840683787,-2.773215473701107,-27.955964679394217,,,Unexplained
Delhi-Jaipur,2025-12-15,3.2383690176031377,-0.9713867440394153,-26.200963098189877,,,Unexplained
Delhi-Jaipur,2025-12-22,3.2289253632943895,-1.1003881458182208,-28.01152170441702,,,Unexplained
Kolkata-Bhubaneswar,2024-01-01,2.507515776359385,,-3.272313064036947,,,Unexplained
Kolkata-Bhubaneswar,2024-01-08,2.6272356647058244,4.774442078297048,-1.7305102655170823,,,Unexplained
Kolkata-Bhubaneswar,2024-01-15,2.507175576831636,-2.3448123786291797,-4.135856297914242,,,Unexplained
Kolkata-Bhubaneswar,2024-01-22,2.5746025721501247,1.0714666387387606,-5.471818564586162,,,Unexplained
Kolkata-Bhubaneswar,2024-01-29,2.6247907812898204,2.766433871905538,1.2910447835853711,,,Unexplained
Kolkata-Bhubaneswar,2024-02-05,2.664165322984317,3.734088315833217,1.8312669434751072,,,Unexplained
Kolkata-Bhubaneswar,2024-02-12,2.7018500730395347,4.5507426070151125,2.941210725172505,,,Unexplained
Kolkata-Bhubaneswar,2024-02-19,2.692250516917505,3.506377095578994,4.114435163664187,,,Unexplained
Kolkata-Bhubaneswar,2024-02-26,2.6488086986897623,1.3918137004404363,2.054735192968815,,,Unexplained
Kolkata-Bhubaneswar,2024-03-04,2.5095317466660654,-4.584529115004998,-2.771714344094145,,,Unexplained
Kolkata-Bhubaneswar,2024-03-11,2.6696092465359156,2.072814846394322,-0.9529362935117747,,,Unexplained
Kolkata-Bhubaneswar,2024-03-18,2.6894092504472344,2.037717033238673,5.037318841240301,,,Unexplained
Kolkata-Bhubaneswar,2024-03-25,2.673370830474016,0.8799403295668418,-0.5952072971915245,,,Unexplained
Kolkata-Bhubaneswar,2024-04-01,2.5176577657198576,-5.213110192959059,-4.337691439322667,,,Unexplained
Kolkata-Bhubaneswar,2024-04-08,2.549107332765163,-3.3627762851838106,-4.659253271984499,,,Unexplained
Kolkata-Bhubaneswar,2024-04-15,2.617495479604761,-0.046690550153094534,1.8707995599432925,,,Unexplained
Kolkata-Bhubaneswar,2024-04-22,2.5374670354409212,-2.755709380965199,-3.6515861169209574,,,Unexplained
Kolkata-Bhubaneswar,2024-04-29,2.5392101728725347,-2.1670916872197465,-3.2628161663991073,,,Unexplained
Kolkata-Bhubaneswar,2024-05-06,2.6573468065102097,2.2384457074741793,2.964381335104105,,,Unexplained
Kolkata-Bhubaneswar,2024-05-13,2.550297881972491,-1.8222435856790398,-5.760834444298657,,,Unexplained
Kolkata-Bhubaneswar,2024-05-20,2.7286457555675514,5.751455405492978,3.9119025014112907,,,Unexplained
Kolkata-Bhubaneswar,2024-05-27,2.597628983413162,0.4049027044524589,-0.4739971548306521,,,Unexplained
Kolkata-Bhubaneswar,2024-06-03,2.5960891166746505,-0.04084532552508513,-1.0245825925806695,,,Unexplained
Kolkata-Bhubaneswar,2024-06-10,2.478999755499803,-4.764572383429478,-1.7689069909979427,,,Unexplained
Kolkata-Bhubaneswar,2024-06-17,2.581570721604931,-0.16010943944375633,-2.876639318340002,,,Unexplained
Kolkata-Bhubaneswar,2024-06-24,2.7010410491101418,4.2380517743769275,2.427244991300581,,,Unexplained
Kolkata-Bhubaneswar,2024-07-01,2.5341407005345555,-2.9604906847516044,-5.953748864580943,,,Unexplained
Kolkata-Bhubaneswar,2024-07-08,2.627622280669504,1.216098068017879,-0.17898478050221156,,,Unexplained
Kolkata-Bhubaneswar,2024-07-15,2.682361975607663,2.941404286610161,0.5790735945696346,,,Unexplained
Kolkata-Bhubaneswar,2024-07-22,2.6514857791686284,1.9828964677248706,2.383607532614551,,,Unexplained
Kolkata-Bhubaneswar,2024-07-29,2.5851939408330304,-0.823657447419468,-0.7984723812476613,,,Unexplained
Kolkata-Bhubaneswar,2024-08-05,2.683442841466995,2.9992997098718277,4.572155026764979,,,Unexplained
Kolkata-Bhubaneswar,2024-08-12,2.5591854574398907,-2.724281193708167,-2.240226513188326,,,Unexplained
Kolkata-Bhubaneswar,2024-08-19,2.6318710917053267,0.14504386067490938,-2.9536664389939182,,,Unexplained
Kolkata-Bhubaneswar,2024-08-26,2.5175947863238815,-3.8870625509115353,-4.076464287961324,,,Unexplained
Kolkata-Bhubaneswar,2024-09-02,2.547045448831003,-2.6859021841299957,0.5225607421996958,,,Unexplained
Kolkata-Bhubaneswar,2024-09-09,2.5777750836654296,-1.131357755583129,-1.1795783659518944,,,Unexplained
Kolkata-Bhubaneswar,2024-09-16,2.6942941791340567,3.8584111603461757,2.6607262438244295,,,Unexplained
Kolkata-Bhubaneswar,2024-09-23,2.718097752715021,4.56030401074865,6.318424717092075,,,Unexplained
Kolkata-Bhubaneswar,2024-09-30,2.700442701139059,3.2214873592658178,5.436527414507264,,,Unexplained
Kolkata-Bhubaneswar,2024-10-07,2.700610301732372,3.1441147530010927,3.8136019364960028,,,Unexplained
Kolkata-Bhubaneswar,2024-10-14,2.6213625095593223,-0.5540248349090726,2.7887869755137906,,,Unexplained
Kolkata-Bhubaneswar,2024-10-21,2.673248862571006,1.4649374869655896,1.3198283209147732,,,Unexplained
Kolkata-Bhubaneswar,2024-10-28,2.5274177327613976,-4.773422767553937,-4.1270259406395615,,,Unexplained
Kolkata-Bhubaneswar,2024-11-04,2.5615422311799234,-3.3984010165006295,-2.4419366286032362,,,Unexplained
Kolkata-Bhubaneswar,2024-11-11,2.6061941346362407,-1.639208034109052,-2.2815689015720064,,,Unexplained
Kolkata-Bhubaneswar,2024-11-18,2.5466307193755306,-3.486064672394018,-5.0435688563762575,,,Unexplained
Kolkata-Bhubaneswar,2024-11-25,2.66563359777853,1.85132193373303,-0.44822242188847783,,,Unexplained
Kolkata-Bhubaneswar,2024-12-02,2.5633557026897025,-1.893514246909589,-1.9661068174984697,,,Unexplained
Kolkata-Bhubaneswar,2024-12-09,2.5069657675659527,-3.4175110803838837,-2.3756774132805747,,,Unexplained
Kolkata-Bhubaneswar,2024-12-16,2.585665669535482,0.1662710107668275,0.5902831315439672,,,Unexplained
Kolkata-Bhubaneswar,2024-12-23,2.69880919744333,4.994639731491568,0.21547040880744994,,,Unexplained
Kolkata-Bhubaneswar,2024-12-30,2.6266078381401012,1.3410581480260308,-0.5796880464151832,,,Unexplained
Kolkata-Bhubaneswar,2025-01-06,2.5122445011619545,-3.3745733346937423,-3.9856263011834314,,,Unexplained
Kolkata-Bhubaneswar,2025-01-13,2.654971370436552,2.578287516056421,2.69476138098117,,,Unexplained
Kolkata-Bhubaneswar,2025-01-20,2.574743930783983,-1.0392022801849699,-15.414748943039559,,,Unexplained
Kolkata-Bhubaneswar,2025-01-27,2.572195152038488,-0.7035670541020833,-1.0503095916766236,,,Unexplained
Kolkata-Bhubaneswar,2025-02-03,2.5426760004245,-1.8849681129353923,-1.7740534330202729,,,Unexplained
Kolkata-Bhubaneswar,2025-02-10,2.634969996464771,1.5015774663727832,2.0809310223895094,,,Unexplained
Kolkata-Bhubaneswar,2025-02-17,2.645677631291354,1.672668574909375,-1.111703105987305,,,Unexplained
Kolkata-Bhubaneswar,2025-02-24,2.6635333870216718,2.6207783208226143,-12.481367828802203,,,Unexplained
Kolkata-Bhubaneswar,2025-03-03,2.677049639802744,2.958438511055883,-11.751139173520297,,,Unexplained
Kolkata-Bhubaneswar,2025-03-10,2.7002512342042104,3.0344286706519785,-13.017858535138737,,,Unexplained
Kolkata-Bhubaneswar,2025-03-17,2.539579826421529,-3.305198017904043,-17.114314772936325,,,Unexplained
Kolkata-Bhubaneswar,2025-03-24,2.606550900068637,-0.5888923648805666,1.3154464947799704,,,Unexplained
Kolkata-Bhubaneswar,2025-03-31,2.6458761769187866,0.7459240685240731,-1.9714912782742178,,,Unexplained
Kolkata-Bhubaneswar,2025-04-07,2.581622213222905,-2.181122650751721,-1.3619104093158918,,,Unexplained
Kolkata-Bhubaneswar,2025-04-14,2.5716005493059986,-2.3140235115078234,-0.04857232826963598,,,Unexplained
Kolkata-Bhubaneswar,2025-04-21,2.5961235957985633,-1.0343776771738367,0.17702357294060445,,,Unexplained
Kolkata-Bhubaneswar,2025-04-28,2.578465849460377,-1.3907555341395206,-3.5142599003975206,,,Unexplained
Kolkata-Bhubaneswar,2025-05-05,2.7342975930522755,5.0639137213582375,-1.3727876972164599,,,Unexplained
Kolkata-Bhubaneswar,2025-05-12,2.6271794920628873,0.7831510419271215,-5.525643387330003,,,Unexplained
Kolkata-Bhubaneswar,2025-05-19,2.7654665842407278,5.644314358754632,1.4139318703891623,,,Unexplained
Kolkata-Bhubaneswar,2025-05-26,2.8362225471543887,7.531283039773351,5.045719426723494,,,Unexplained
Kolkata-Bhubaneswar,2025-06-02,2.7025471428879775,1.5471281415126326,-2.786423418563655,,,Unexplained
Kolkata-Bhubaneswar,2025-06-09,2.6784586832339174,0.07363246343641272,-4.237799415520083,,,Unexplained
Kolkata-Bhubaneswar,2025-06-16,2.6756483932134807,-0.5277921884453085,-6.993716334949573,,,Unexplained
Kolkata-Bhubaneswar,2025-06-23,2.729506582466018,1.1008575925020025,-2.5461856765776836,,,Unexplained
Kolkata-Bhubaneswar,2025-06-30,2.759303328269972,1.4947570909867203,1.0073936374496828,,,Unexplained
Kolkata-Bhubaneswar,2025-07-07,2.852068273046908,4.786431082150888,1.8344307418523886,,,Unexplained
Kolkata-Bhubaneswar,2025-07-14,2.721436749905331,-1.0351617893091025,-0.8947162375974926,,,Unexplained
Kolkata-Bhubaneswar,2025-07-21,2.7274334611934448,-0.6181864065861631,-4.925056981169195,,,Unexplained
Kolkata-Bhubaneswar,2025-07-28,2.718215421519279,-0.4608504376702238,-0.22372114967926793,,,Unexplained
Kolkata-Bhubaneswar,2025-08-04,2.677900416318116,-2.0074381994936608,-4.238939776177986,,,Unexplained
Kolkata-Bhubaneswar,2025-08-11,2.758794386124973,0.9552974061799446,0.9745772793894769,,,Unexplained
Kolkata-Bhubaneswar,2025-08-18,2.846874438492569,3.783776742753675,4.120109931825122,,,Unexplained
Kolkata-Bhubaneswar,2025-08-25,2.8325605730247547,2.712616223215525,3.503353334835979,,,Unexplained
Kolkata-Bhubaneswar,2025-09-01,2.645635030789984,-4.383063192658831,-5.670476770972488,,,Unexplained
Kolkata-Bhubaneswar,2025-09-08,2.753354374247689,0.44682924312056116,2.0468486374691786,,,Unexplained
Kolkata-Bhubaneswar,2025-09-15,2.7915529659921683,1.692361690197819,-3.3369164977657406,,,Unexplained
Kolkata-Bhubaneswar,2025-09-22,2.677826816152844,-2.734511467421852,-3.6992922386452687,,,Unexplained
Kolkata-Bhubaneswar,2025-09-29,2.8374205727457995,3.2516801078165347,1.2639857894825468,,,Unexplained
Kolkata-Bhubaneswar,2025-10-06,2.878887164699027,4.005949207816473,4.25982049343141,,,Unexplained
Kolkata-Bhubaneswar,2025-10-13,2.6808519852387644,-3.6709124378227487,-4.096675356250968,,,Unexplained
Kolkata-Bhubaneswar,2025-10-20,2.6861318386309394,-2.756051713497887,-4.055236553353692,,,Unexplained
Kolkata-Bhubaneswar,2025-10-27,2.7477069143735817,0.13663916746478044,0.289174620109689,,,Unexplained
Kolkata-Bhubaneswar,2025-11-03,2.8221602254207996,2.3739707922458164,0.6085380192655476,,,Unexplained
Kolkata-Bhubaneswar,2025-11-10,2.731233462663054,-1.2325474409543458,-0.8408799096542685,,,Unexplained
Kolkata-Bhubaneswar,2025-11-17,2.751615479626001,-0.22343692156104877,-1.0052813603212307,,,Unexplained
Kolkata-Bhubaneswar,2025-11-24,2.72369443404918,-1.565106845758868,-1.0110472497492973,,,Unexplained
Kolkata-Bhubaneswar,2025-12-01,2.7148257111177196,-1.3789480245030794,-4.201379909286862,,,Unexplained
Kolkata-Bhubaneswar,2025-12-08,2.8192879485402793,3.1845389769810106,-0.8271730796416632,,,Unexplained
Kolkata-Bhubaneswar,2025-12-15,2.72712972417431,-0.8165705774064502,-3.8259644499418655,,,Unexplained
Kolkata-Bhubaneswar,2025-12-22,2.8373262971435187,2.999214345517398,2.0785825719921602,,,Unexplained
Mumbai-Delhi,2024-01-01,2.052382241207193,,4.91151392119511,,,Unexplained
Mumbai-Delhi,2024-01-08,2.10287655533523,2.460278261730453,0.23932723205968287,,,Unexplained
Mumbai-Delhi,2024-01-15,2.050266709738524,-1.317014889924828,-4.492872697964467,,,Unexplained
Mumbai-Delhi,2024-01-22,2.068174821338809,-0.01613146644080521,2.0106577570635498,,,Unexplained
Mumbai-Delhi,2024-01-29,2.0012142669386748,-3.249371493037878,0.007844713473947884,,,Unexplained
Mumbai-Delhi,2024-02-05,2.0595626263211875,0.22285866064164495,-7.258616814143448,,,Unexplained
Mumbai-Delhi,2024-02-12,2.08940408765188,1.6372587294563923,2.1960766096564166,,,Unexplained
Mumbai-Delhi,2024-02-19,1.9841412056844683,-3.7083837373498074,-7.033906552073043,,,Unexplained
Mumbai-Delhi,2024-02-26,1.9726880963721796,-3.8183622840334053,-6.3500659196166875,,,Unexplained
Mumbai-Delhi,2024-03-04,1.9799555013074297,-2.9928621464883287,-3.5320697140531543,,,Unexplained
Mumbai-Delhi,2024-03-11,2.02201721830256,-0.18061606452152157,0.08351978819447492,,,Unexplained
Mumbai-Delhi,2024-03-18,2.061960495188942,1.9689870189893321,-6.822157035440457,,,Unexplained
Mumbai-Delhi,2024-03-25,2.0472240164517324,1.2791376945636923,-0.18889442206536655,,,Unexplained
Mumbai-Delhi,2024-04-01,1.9983200630035562,-1.4206906793085006,-2.041313936054079,,,Unexplained
Mumbai-Delhi,2024-04-08,1.9678550485938775,-2.5555687601014787,-9.528991272584852,,,Unexplained
Mumbai-Delhi,2024-04-15,2.0731921965085838,3.4387574441045787,-5.315979897262723,,,Unexplained
Mumbai-Delhi,2024-04-22,2.099186370675652,4.157225639951112,2.8742270707468043,,,Unexplained
Mumbai-Delhi,2024-04-29,2.1109310196705313,3.9246067260075845,3.4107460954399427,,,Unexplained
Mumbai-Delhi,2024-05-06,1.9642936490878082,-4.067822423716594,-3.6334538697474827,,,Unexplained
Mumbai-Delhi,2024-05-13,2.0495326719754328,0.44905154324696994,-4.532868149930536,,,Unexplained
Mumbai-Delhi,2024-05-20,2.120604307467143,4.011514167543506,-3.2785651871152566,,,Unexplained
Mumbai-Delhi,2024-05-27,2.1087978473591034,2.9691770384645544,0.8544607528471415,,,Unexplained
Mumbai-Delhi,2024-06-03,2.0870296919469875,1.2237153733108297,-4.0669670763438965,,,Unexplained
Mumbai-Delhi,2024-06-10,1.972623781028769,-5.01143113119692,-9.700849923034315,,,Unexplained
Mumbai-Delhi,2024-06-17,2.096020278615551,1.5452243682168465,-4.284631968600561,,,Unexplained
Mumbai-Delhi,2024-06-24,2.0925849110903694,1.3982336351668456,0.38045496414520485,,,Unexplained
Mumbai-Delhi,2024-07-01,1.9681337566355899,-4.526075054448453,-7.078787286938937,,,Unexplained
Mumbai-Delhi,2024-07-08,2.0826328483142396,1.004742360803812,-2.1309460321552787,,,Unexplained
Mumbai-Delhi,2024-07-15,2.025338557785503,-1.970659106571515,-5.385382771893266,,,Unexplained
Mumbai-Delhi,2024-07-22,2.101169727476896,2.289249960111328,7.9674566306632055,,,Unexplained
Mumbai-Delhi,2024-07-29,2.061764112371173,0.41751670260594675,3.3558461229770353,,,Unexplained
Mumbai-Delhi,2024-08-05,2.0296150348403628,-0.9960062534401404,1.5945792028683181,,,Unexplained
Mumbai-Delhi,2024-08-12,1.9964214460274388,-2.952421495003188,-4.866359463585212,,,Unexplained
Mumbai-Delhi,2024-08-19,2.0375604827989577,-0.3495397921880694,-1.6139204946743924,,,Unexplained
Mumbai-Delhi,2024-08-26,1.9834228676600423,-2.669832203030764,-6.558653935587611,,,Unexplained
Mumbai-Delhi,2024-09-02,1.9756965289461965,-3.1398161425472915,-6.375258740820233,,,Unexplained
Mumbai-Delhi,2024-09-09,1.9857427660457434,-2.005100579581165,-6.288445239956042,,,Unexplained
Mumbai-Delhi,2024-09-16,2.0552727226608862,1.674492826232199,-4.268104428934761,,,Unexplained
Mumbai-Delhi,2024-09-23,2.0392874624896247,1.1708398862194214,-3.649189839076117,,,Unexplained
Mumbai-Delhi,2024-09-30,2.0620613195558053,2.443462541816266,-0.20078052281191638,,,Unexplained
Mumbai-Delhi,2024-10-07,2.1309671727537007,5.653829946255917,6.958246128736256,,,Unexplained
Mumbai-Delhi,2024-10-14,2.039295695727354,0.27261347289548876,-6.888988729111356,,,Unexplained
Mumbai-Delhi,2024-10-21,1.9730751033874596,-2.9938132803796758,-9.497602193895604,,,Unexplained
Mumbai-Delhi,2024-10-28,2.0035287548242553,-1.4338786979409601,-1.9604208560506042,,,Unexplained
Mumbai-Delhi,2024-11-04,2.018125147598922,-0.8854304827286108,-5.562076115727588,,,Unexplained
Mumbai-Delhi,2024-11-11,2.100210444340857,2.9413156933773665,2.851271397899735,,,Unexplained
Mumbai-Delhi,2024-11-18,2.0617867388978057,0.7805114817328596,3.6041022387160337,,,Unexplained
Mumbai-Delhi,2024-11-25,1.9508277503095366,-4.774092193308476,-1.9039196779848444,,,Unexplained
Mumbai-Delhi,2024-12-02,2.0585791680824452,1.1722489512707046,4.597975292412615,,,Unexplained
Mumbai-Delhi,2024-12-09,2.0023254581647825,-1.152855256837415,-7.692532632492044,,,Unexplained
Mumbai-Delhi,2024-12-16,2.0000362320939207,-1.0401035335083186,-1.771671827239385,,,Unexplained
Mumbai-Delhi,2024-12-23,2.047672049905541,1.1482055324389284,-1.9990934306447827,,,Unexplained
Mumbai-Delhi,2024-12-30,1.9908577523945326,-1.9255504008437785,-8.2875674016608,,,Unexplained
Mumbai-Delhi,2025-01-06,2.0804490008578123,2.6603043977785346,3.0478547347493556,,,Unexplained
Mumbai-Delhi,2025-01-13,2.0268306193431203,0.1365493741300572,1.4780384202434993,,,Unexplained
Mumbai-Delhi,2025-01-20,2.0873024422024207,3.3472931736732825,6.363848342156531,,,Unexplained
Mumbai-Delhi,2025-01-27,1.98231173787144,-2.6731153229733184,-9.123780125225744,,,Unexplained
Mumbai-Delhi,2025-02-03,2.03653826209116,0.45950049621534816,-8.040161172965131,,,Unexplained
Mumbai-Delhi,2025-02-10,2.0062064963923056,-1.245053835330212,-1.5689794240613897,,,Unexplained
Mumbai-Delhi,2025-02-17,1.983304462451565,-2.4094513769711723,-10.633292982019283,,,Unexplained
Mumbai-Delhi,2025-02-24,2.0549150439013273,1.516133124266017,-1.0431973622603286,,,Unexplained
Mumbai-Delhi,2025-03-03,2.022539589131959,-0.4769469123480752,-6.0139453881474125,,,Unexplained
Mumbai-Delhi,2025-03-10,2.0533262825921357,1.3991501590618904,-3.089277487190456,,,Unexplained
Mumbai-Delhi,2025-03-17,2.0519994011357663,1.16816037298757,-1.4172530768847058,,,Unexplained
Mumbai-Delhi,2025-03-24,2.0565980261624293,1.615963502996487,3.517168965589712,,,Unexplained
Mumbai-Delhi,2025-03-31,2.031287160346024,-0.09302110891985516,-0.8031574274867559,,,Unexplained
Mumbai-Delhi,2025-04-07,2.0305384988996322,-0.09759101294767314,-8.065512331647717,,,Unexplained
Mumbai-Delhi,2025-04-14,1.991312973188688,-2.1738738991135764,0.38903535868295425,,,Unexplained
Mumbai-Delhi,2025-04-21,2.0037957816375025,-1.609025312997614,-2.876870080127114,,,Unexplained
Mumbai-Delhi,2025-04-28,1.9858355891948454,-2.184005378117171,-3.9619408244903065,,,Unexplained
Mumbai-Delhi,2025-05-05,2.1727587123493297,7.265647882512405,-1.1796976043226826,,,Unexplained
Mumbai-Delhi,2025-05-12,2.277680865830098,11.622801533851979,6.657142211349187,,,Unexplained
Mumbai-Delhi,2025-05-19,2.1196842350954443,2.4632689564777044,0.4868703547551645,,,Unexplained
Mumbai-Delhi,2025-05-26,2.187510958508543,5.340393198946436,3.606561550889853,,,Unexplained
Mumbai-Delhi,2025-06-02,2.257285709526182,7.687751324344938,9.416349093609222,,,Unexplained
Mumbai-Delhi,2025-06-09,2.210004587207286,4.025519615265272,0.504836477824866,,,Unexplained
Mumbai-Delhi,2025-06-16,2.2497444693222155,4.550795822062481,9.302434262567672,,,Unexplained
Mumbai-Delhi,2025-06-23,2.2240104743469478,1.8990210496731663,8.738761153308673,,,Unexplained
Mumbai-Delhi,2025-06-30,2.1349042302416272,-3.499956888460165,-0.8701782556797433,,,Unexplained
Mumbai-Delhi,2025-07-07,2.116471985467619,-4.128060973682923,6.967904774171485,,,Unexplained
Mumbai-Delhi,2025-07-14,2.1169412185892087,-3.2234243314773092,-2.4559672146662326,,,Unexplained
Mumbai-Delhi,2025-07-21,2.205660155814617,0.8481950342581701,8.158237791665268,,,Unexplained
Mumbai-Delhi,2025-07-28,2.2308588873462982,1.8946493616697868,8.151868497475867,,,Unexplained
Mumbai-Delhi,2025-08-04,2.1098241131442768,-3.4880049998916474,-3.117909405149988,,,Unexplained
Mumbai-Delhi,2025-08-11,2.1616477633608566,-0.5476831813585936,8.758691983578704,,,Unexplained
Mumbai-Delhi,2025-08-18,2.2240533427724345,2.8445019930078086,10.69350246257168,,,Unexplained
Mumbai-Delhi,2025-08-25,2.1019994873448415,-2.799743765296925,4.243829791291942,,,Unexplained
Mumbai-Delhi,2025-09-01,2.1727684310359154,0.6642002626893184,2.0187635497782352,,,Unexplained
Mumbai-Delhi,2025-09-08,2.0958731036023983,-3.213902655808243,-2.3999804823380377,,,Unexplained
Mumbai-Delhi,2025-09-15,2.175696236435805,0.5946164157388578,5.84318188412869,,,Unexplained
Mumbai-Delhi,2025-09-22,2.2176597534882507,2.7126973970150514,11.911514369809261,,,Unexplained
Mumbai-Delhi,2025-09-29,2.184463149978113,1.2525431801902576,4.786165054627434,,,Unexplained
Mumbai-Delhi,2025-10-06,2.2658823796579113,4.574191718797294,7.501535036600271,,,Unexplained
Mumbai-Delhi,2025-10-13,2.1430335910371303,-1.6866640599848215,4.354677659785833,,,Unexplained
Mumbai-Delhi,2025-10-20,2.1101277437447123,-2.744390505708605,1.9750735142029407,,,Unexplained
Mumbai-Delhi,2025-10-27,2.1195825436649893,-2.354345894610277,-2.827615249956694,,,Unexplained
Mumbai-Delhi,2025-11-03,2.1308219660231513,-1.5349924009276927,4.727331555888226,,,Unexplained
Mumbai-Delhi,2025-11-10,2.115029716790139,-2.461653589281765,-3.7504047110651695,,,Unexplained
Mumbai-Delhi,2025-11-17,2.1081283753458364,-2.4387318560355253,5.378680943346126,,,Unexplained
Mumbai-Delhi,2025-11-24,2.2381856325864686,4.24062786659456,10.292466211433027,,,Unexplained
Mumbai-Delhi,2025-12-01,2.1501775422169533,-0.17046001833175284,3.7879107010140745,,,Unexplained
Mumbai-Delhi,2025-12-08,2.165595758910522,1.2251118472836664,9.214685687201364,,,Unexplained
Mumbai-Delhi,2025-12-15,2.14394799414601,0.08131029908606813,8.963420368975727,,,Unexplained
Mumbai-Delhi,2025-12-22,2.215853146357839,3.234176552091883,11.319870424884737,,,Unexplained
Mumbai-Pune,2024-01-01,3.3012764038642617,,10.037976951806971,,,Unexplained
Mumbai-Pune,2024-01-08,3.3819401535881366,2.4434109676322535,10.765659872329515,,,Unexplained
Mumbai-Pune,2024-01-15,3.4115233282114588,2.0922574896154567,13.028549901366993,,,Unexplained
Mumbai-Pune,2024-01-22,3.378891559642258,0.41541232104922443,12.986729944879238,,,Unexplained
Mumbai-Pune,2024-01-29,3.279357822939943,-2.643683367711791,2.7031692493579396,,,Unexplained
Mumbai-Pune,2024-02-05,3.2905167729253826,-1.793145084791159,8.973261320451197,,,Unexplained
Mumbai-Pune,2024-02-12,3.280938092322783,-1.7855034268936087,5.354014396495299,,,Unexplained
Mumbai-Pune,2024-02-19,3.3802576808143914,1.4463780155946404,12.8917610866627,,,Unexplained
Mumbai-Pune,2024-02-26,3.249925923123964,-2.6410870798003083,4.974391495088315,,,Unexplained
Mumbai-Pune,2024-03-04,3.40988377758577,2.3476180510545674,13.629206082213518,,,Unexplained
Mumbai-Pune,2024-03-11,3.341095575521952,0.17791357835201804,7.330610851619657,,,Unexplained
Mumbai-Pune,2024-03-18,3.4145690569706963,2.65186867250915,10.881247193121713,,,Unexplained
Mumbai-Pune,2024-03-25,3.5335160282395406,6.0855301947545515,11.308780523688199,,,Unexplained
Mumbai-Pune,2024-04-01,3.3289607115279054,-1.0000378659480558,11.349942916065213,,,Unexplained
Mumbai-Pune,2024-04-08,3.4927382217499114,3.7223113768994454,11.746359643152404,,,Unexplained
Mumbai-Pune,2024-04-15,3.5704215300961137,5.202121555861483,11.524279240739377,,,Unexplained
Mumbai-Pune,2024-04-22,3.3254986464563725,-2.696019404214667,8.733478944317042,,,Unexplained
Mumbai-Pune,2024-04-29,3.5158633957658165,2.5904796863231105,14.364367694506374,,,Unexplained
Mumbai-Pune,2024-05-06,3.5040233403720964,1.8512872594096397,13.199441772004894,,,Unexplained
Mumbai-Pune,2024-05-13,3.302187408752174,-4.580330845432612,7.893562412850175,,,Unexplained
Mumbai-Pune,2024-05-20,3.3428504602405065,-3.0116392782361667,9.446101291038044,,,Unexplained
Mumbai-Pune,2024-05-27,3.4444426250684543,0.63177945550843,10.886121007902872,,,Unexplained
Mumbai-Pune,2024-06-03,3.3796997914371216,-1.6744012942050746,7.596384293888403,,,Unexplained
Mumbai-Pune,2024-06-10,3.5335832714791575,3.2268737876315345,16.591837146913235,,,Unexplained
Mumbai-Pune,2024-06-17,3.3313720545795857,-2.5492493275339534,4.94199587172337,,,Unexplained
Mumbai-Pune,2024-06-24,3.3499966801441166,-2.0254750818709755,8.107185770402769,,,Unexplained
Mumbai-Pune,2024-07-01,3.3669010298051014,-0.9303587821676618,5.48069977337462,,,Unexplained
Mumbai-Pune,2024-07-08,3.545795292762743,4.862398433962989,13.762608838079316,,,Unexplained
Mumbai-Pune,2024-07-15,3.4441386306349915,0.946954523479504,11.539313920717852,,,Unexplained
Mumbai-Pune,2024-07-22,3.5158347883043497,2.6673631709901446,12.431962274517128,,,Unexplained
Mumbai-Pune,2024-07-29,3.389967888689989,-1.2654252768398822,7.732964207717807,,,Unexplained
Mumbai-Pune,2024-08-05,3.3705491485856367,-1.8676909237886674,10.260476364713455,,,Unexplained
Mumbai-Pune,2024-08-12,3.345202517962739,-2.0243249776888517,11.411840773551528,,,Unexplained
Mumbai-Pune,2024-08-19,3.4217554669277734,0.16707081995668283,11.262653728596916,,,Unexplained
Mumbai-Pune,2024-08-26,3.391552846999231,-0.9770823840114184,9.190162249765299,,,Unexplained
Mumbai-Pune,2024-09-02,3.2876122855144962,-4.098109874534339,6.692526814655553,,,Unexplained
Mumbai-Pune,2024-09-09,3.275052945172333,-3.5565346031158906,3.334617905181725,,,Unexplained
Mumbai-Pune,2024-09-16,3.4298100216753795,1.6333061570423357,8.389767179641815,,,Unexplained
Mumbai-Pune,2024-09-23,3.4678286744773614,3.0883680875724018,10.027638526730453,,,Unexplained
Mumbai-Pune,2024-09-30,3.422260503106949,1.4402715042694636,13.480392257847695,,,Unexplained
Mumbai-Pune,2024-10-07,3.5131156626483726,3.93420020856996,13.750889380640729,,,Unexplained
Mumbai-Pune,2024-10-14,3.3544936903662665,-1.3710134240137672,8.399498969272878,,,Unexplained
Mumbai-Pune,2024-10-21,3.3375193199381763,-1.6269122317647433,8.442995860238799,,,Unexplained
Mumbai-Pune,2024-10-28,3.492012229583466,3.132067136708594,15.08789807429769,,,Unexplained
Mumbai-Pune,2024-11-04,3.422777826960083,0.3302405885735826,13.826446589430308,,,Unexplained
Mumbai-Pune,2024-11-11,3.447745798728504,0.5180371875682432,-17.37883382482218,,,Unexplained
Mumbai-Pune,2024-11-18,3.4181105694547775,-0.4110647629091302,-16.439141035446735,,,Unexplained
Mumbai-Pune,2024-11-25,3.4319454636996314,0.17340939534202793,12.241403352746039,,,Unexplained
Mumbai-Pune,2024-12-02,3.4404947051859067,0.38747597514587895,12.98584357007373,,,Unexplained
Mumbai-Pune,2024-12-09,3.428173097598024,0.2935998699228781,6.41589239790632,,,Unexplained
Mumbai-Pune,2024-12-16,3.54694667015038,3.4895585600855483,15.282264496523323,,,Unexplained
Mumbai-Pune,2024-12-23,3.506811493656316,1.542936165722053,12.662447577822,,,Unexplained
Mumbai-Pune,2024-12-30,3.4030431353329913,-1.5145261280288924,5.739346900214715,,,Unexplained
Mumbai-Pune,2025-01-06,3.498004118085469,1.3060075750685352,10.363993994417498,,,Unexplained
Mumbai-Pune,2025-01-13,3.52824798657291,1.996328817932147,15.844005811218853,,,Unexplained
Mumbai-Pune,2025-01-20,3.504169620188541,0.8986945250598399,14.416562256188614,,,Unexplained
Mumbai-Pune,2025-01-27,3.386253252752655,-2.7493818435462503,7.707419912867874,,,Unexplained
Mumbai-Pune,2025-02-03,3.3323631936996736,-4.110345430781259,10.516114601954518,,,Unexplained
Mumbai-Pune,2025-02-10,3.387743897089414,-2.1796426503082666,13.32651567825116,,,Unexplained
Mumbai-Pune,2025-02-17,3.4085110589266203,-1.0111877868252628,10.063331277495902,,,Unexplained
Mumbai-Pune,2025-02-24,3.4104008182293066,-0.6016019158091246,10.63158055526725,,,Unexplained
Mumbai-Pune,2025-03-03,3.500060963395835,1.9842651316795301,8.744284460579932,,,Unexplained
Mumbai-Pune,2025-03-10,3.5152342733551207,2.4187101159327318,10.438526221618494,,,Unexplained
Mumbai-Pune,2025-03-17,3.3903911712024035,-1.1718374532361353,10.130717516702825,,,Unexplained
Mumbai-Pune,2025-03-24,3.346795563408874,-2.036496885976613,6.611480950035875,,,Unexplained
Mumbai-Pune,2025-03-31,3.232238210792435,-5.252900000464978,5.780484935015751,,,Unexplained
Mumbai-Pune,2025-04-07,3.526217988209543,3.745187264187133,10.6033948106518,,,Unexplained
Mumbai-Pune,2025-04-14,3.3993524808293762,-0.49407589375844996,13.489202271424938,,,Unexplained
Mumbai-Pune,2025-04-21,3.2938374372977597,-3.5503931960376045,7.214495250092212,,,Unexplained
Mumbai-Pune,2025-04-28,3.414781161285406,0.4194995752875519,12.5587277797937,,,Unexplained
Mumbai-Pune,2025-05-05,3.6148072907849444,6.636012049237361,8.75569990592684,,,Unexplained
Mumbai-Pune,2025-05-12,3.59340162865612,5.61675384613205,12.826656644462119,,,Unexplained
Mumbai-Pune,2025-05-19,3.473754965104235,1.3442330903017163,4.518404232440609,,,Unexplained
Mumbai-Pune,2025-05-26,3.4776225769669327,0.9894931836968768,6.028351560720591,,,Unexplained
Mumbai-Pune,2025-06-02,3.5712448138602655,2.79265039373362,13.618080488795737,,,Unexplained
Mumbai-Pune,2025-06-09,3.4744843480385486,-0.15420049300098881,6.032590217604383,,,Unexplained
Mumbai-Pune,2025-06-16,3.7195322652769782,6.600015195170861,12.967084307354583,,,Unexplained
Mumbai-Pune,2025-06-23,3.7622269155262513,6.203984784473504,20.558298862749382,1,,Unexplained
Mumbai-Pune,2025-06-30,3.544290194316084,-1.1599413741436027,6.256252356706038,,,Unexplained
Mumbai-Pune,2025-07-07,3.6399161219497604,1.7569243407518087,12.732836492220656,,,Unexplained
Mumbai-Pune,2025-07-14,3.591668966570678,0.24519190069172137,5.873963219954459,,,Unexplained
Mumbai-Pune,2025-07-21,3.5276350809882038,-1.945400865211222,10.037572119734705,,,Unexplained
Mumbai-Pune,2025-07-28,3.563538464323175,-1.1192501349886363,6.8092150247803795,,,Unexplained
Mumbai-Pune,2025-08-04,3.725071824316962,3.3905989136908232,11.645431144038687,,,Unexplained
Mumbai-Pune,2025-08-11,3.530658775963705,-2.8500139310966954,4.713387291566495,,,Unexplained
Mumbai-Pune,2025-08-18,3.7852222039651653,4.835627422525479,15.473882473390677,,,Unexplained
Mumbai-Pune,2025-08-25,3.631825015255676,0.5071208017623619,12.426035087060106,,,Unexplained
Mumbai-Pune,2025-09-01,3.6688614473543484,1.2255511329248403,6.292185990017574,,,Unexplained
Mumbai-Pune,2025-09-08,3.717366853281151,2.4615531569444515,14.414449697287846,,,Unexplained
Mumbai-Pune,2025-09-15,3.9808099888616932,9.24968654186744,23.625215794626907,1,,Unexplained
Mumbai-Pune,2025-09-22,3.7968730320939077,2.606561636513871,18.162583306895574,,,Unexplained
Mumbai-Pune,2025-09-29,3.820635179842627,2.4412638218803906,11.202786263433563,,,Unexplained
Mumbai-Pune,2025-10-06,3.941933793159432,5.356155033231524,22.891483570695215,1,,Unexplained
Mumbai-Pune,2025-10-13,3.865549212043615,1.9143001164596996,16.99435863722638,,,Unexplained
Mumbai-Pune,2025-10-20,4.095333723524663,7.687439027891396,24.83356086596993,1,,Unexplained
Mumbai-Pune,2025-10-27,4.073233796244364,5.499035729067625,28.258713808268876,1,,Unexplained
Mumbai-Pune,2025-11-03,4.199374723893023,7.360608702173321,24.073698974896885,1,,Unexplained
Mumbai-Pune,2025-11-10,3.9680310840963298,-0.09282751634037689,21.426937425445082,1,,Unexplained
Mumbai-Pune,2025-11-17,4.322076630701151,8.86512277273881,31.60742454850587,1,,Unexplained
Mumbai-Pune,2025-11-24,4.15642174319512,2.9895334676001584,23.04559839897431,1,,Unexplained
Mumbai-Pune,2025-12-01,4.39279820396953,7.726179953185652,37.392450342496716,1,,Unexplained
Mumbai-Pune,2025-12-08,4.43194078435407,7.204427142081471,38.803996132346505,1,,Unexplained
Mumbai-Pune,2025-12-15,4.388091164267901,4.356578510926701,35.50312334434709,1,,Unexplained
Mumbai-Pune,2025-12-22,4.485336320121254,5.748922145433677,38.91111795612956,1,,Unexplained
